Source File	Size	loadResources	load	generateSnapshots	load-configure	scan	loadDepInfo	loadInfo	checkR4R4B	generateNarratives	validate	loadLists	checkConformanceResources	checkConformanceResources2	checkConformanceResources3	generateLogicalMaps	validateExpressions	scanForUsageStats	checkURLsUnique	processProvenanceDetails	generate1	generate2	generateLogicals	makeDependencies	generateExampleZip	generateValidationPack	scanProfilesForR5	scanExamplesForR5
/fsh-generated/resources/ImplementationGuide-ans.fhir.fr.mos.json	13809	-	0	0	0	0	0	0	18	77	0	0	0	0	0	0	0	1	0	0	89	189	0	0	0	6	0	1
fsh-generated/resources/StructureDefinition-Adresse.json	26312	5	0	19	0	0	1	0	0	1016	0	0	0	0	0	0	0	0	0	0	151	516	0	0	0	7	0	0
fsh-generated/resources/StructureDefinition-Attestation.json	2063	3	0	41	1	0	0	0	0	319	0	0	0	0	0	0	0	0	0	0	26	128	0	0	0	2	0	0
fsh-generated/resources/StructureDefinition-AutreDiplomeObtenu.json	1825	3	0	14	0	0	0	0	0	350	0	0	0	0	0	0	0	1	0	0	24	98	0	0	0	1	0	0
fsh-generated/resources/StructureDefinition-BoiteLettreMSS.json	6953	3	0	17	0	0	0	0	0	406	0	0	0	0	0	0	0	0	0	0	50	105	0	0	0	2	0	0
fsh-generated/resources/StructureDefinition-CapaciteDiplome.json	2841	2	0	14	0	0	0	0	0	316	0	0	0	0	0	0	0	0	0	0	26	78	0	0	0	1	0	0
fsh-generated/resources/StructureDefinition-CapaciteSavoirfaire.json	2297	2	0	31	0	0	0	0	0	5	0	0	1	0	0	0	0	0	0	0	24	83	0	0	0	1	0	0
fsh-generated/resources/StructureDefinition-CertificatEtudeSpeciale.json	2117	3	0	18	0	0	0	0	0	299	0	0	0	0	0	0	0	0	0	0	44	59	0	0	0	2	0	0
fsh-generated/resources/StructureDefinition-Competence.json	4135	3	0	22	0	0	0	0	0	9	0	0	0	0	0	0	0	0	0	0	30	61	0	0	0	1	0	1
fsh-generated/resources/StructureDefinition-CompetenceExclusive.json	2125	2	0	16	0	0	0	0	0	7	0	0	0	0	0	0	0	0	0	0	24	56	0	0	0	1	0	0
fsh-generated/resources/StructureDefinition-CompetenceMetier.json	3479	2	0	14	0	0	0	0	0	8	0	0	0	0	0	0	0	1	0	0	29	53	0	0	0	1	0	0
fsh-generated/resources/StructureDefinition-DESC1.json	3138	3	0	16	0	0	0	0	0	354	0	0	0	0	0	0	0	0	0	0	28	56	0	0	0	2	0	0
fsh-generated/resources/StructureDefinition-DESC2.json	1906	2	0	13	0	0	0	0	0	382	0	0	0	0	0	0	0	0	0	0	23	55	0	0	0	1	0	0
fsh-generated/resources/StructureDefinition-DESCNonQualifiant.json	2203	3	0	3	0	0	0	0	0	5	0	0	0	0	0	0	0	0	0	0	24	53	0	0	0	1	0	0
fsh-generated/resources/StructureDefinition-Diplome.json	3764	2	0	0	0	0	0	0	0	617	0	0	0	0	0	0	0	0	0	0	32	60	0	0	0	1	0	0
fsh-generated/resources/StructureDefinition-DiplomeDeuxiemeCycleNonQualifiant.json	2128	2	0	6	0	0	0	0	0	298	0	0	0	0	0	0	0	0	0	0	25	56	0	0	0	2	0	0
fsh-generated/resources/StructureDefinition-DiplomeDivers.json	1826	3	0	6	0	0	0	0	0	297	0	0	0	0	0	0	0	0	0	0	22	54	0	0	0	1	0	0
fsh-generated/resources/StructureDefinition-DiplomeEEE.json	2419	2	0	6	0	0	0	0	0	394	0	0	0	0	0	0	0	0	0	0	25	50	0	0	0	1	0	0
fsh-generated/resources/StructureDefinition-DiplomeEES.json	2500	2	0	5	0	0	0	0	0	289	0	0	0	0	0	0	0	0	0	0	25	50	0	0	0	1	0	0
fsh-generated/resources/StructureDefinition-DiplomeEtat.json	3215	3	0	4	0	0	0	0	0	308	0	0	0	0	0	0	0	0	0	0	26	52	0	0	0	2	0	0
fsh-generated/resources/StructureDefinition-DiplomeEtudeSpecialisee.json	3835	2	0	34	0	0	0	0	0	377	0	0	0	0	0	0	0	0	0	0	29	58	0	0	0	1	0	0
fsh-generated/resources/StructureDefinition-DiplomeUniversitaire.json	2688	2	0	7	0	0	0	0	0	307	0	0	0	0	0	0	0	0	0	0	26	55	0	0	0	1	0	0
fsh-generated/resources/StructureDefinition-DroitExerciceComplementaire.json	1759	2	0	6	0	0	0	0	0	5	0	0	0	0	0	0	0	0	0	0	22	45	0	0	0	2	0	0
fsh-generated/resources/StructureDefinition-ExerciceProfessionnel.json	17305	3	0	13	0	0	0	0	0	2909	0	0	0	0	0	0	0	0	0	0	117	131	0	1	0	5	0	0
fsh-generated/resources/StructureDefinition-FonctionQualifiee.json	2891	2	0	5	0	0	0	0	0	5	0	0	0	0	0	0	0	0	0	0	27	46	0	0	0	1	0	0
fsh-generated/resources/StructureDefinition-FormationSpecialiseeTransversale.json	3056	3	0	6	0	0	0	0	0	302	0	0	0	0	0	0	0	0	0	0	29	52	0	0	0	1	0	0
fsh-generated/resources/StructureDefinition-Horaire.json	6454	3	0	8	1	0	0	0	0	387	0	0	0	0	0	0	0	0	0	0	52	66	0	0	0	3	0	2
fsh-generated/resources/StructureDefinition-LangueParlee.json	1634	2	0	4	0	0	0	0	0	301	0	0	0	0	0	0	0	0	0	0	24	40	0	0	0	1	0	0
fsh-generated/resources/StructureDefinition-OrientationParticuliere.json	2009	2	0	6	0	0	0	0	0	5	0	0	0	0	0	0	0	0	0	0	31	44	0	0	0	1	0	0
fsh-generated/resources/StructureDefinition-PersonnePhysique.json	24007	4	0	14	0	0	0	0	0	1312	0	0	0	0	0	0	0	1	0	0	149	142	0	0	0	6	0	0
fsh-generated/resources/StructureDefinition-Professionnel.json	10756	2	0	7	0	0	0	0	0	420	0	0	0	0	0	0	0	0	0	0	73	58	0	0	0	3	0	0
fsh-generated/resources/StructureDefinition-QualificationPAC.json	2603	3	0	6	0	0	0	0	0	7	0	0	0	0	0	0	0	0	0	0	30	45	0	0	0	1	0	0
fsh-generated/resources/StructureDefinition-SavoirFaire.json	2989	2	0	0	0	0	0	0	0	306	0	0	0	0	0	0	0	0	0	0	30	45	0	0	0	2	0	0
fsh-generated/resources/StructureDefinition-SituationExercice.json	12687	3	0	11	0	0	0	0	0	5063	0	0	0	0	0	0	0	0	0	0	90	87	0	0	0	4	0	0
fsh-generated/resources/StructureDefinition-SituationOperationnelle.json	7633	3	0	6	0	0	0	0	0	677	0	0	0	0	0	0	0	0	0	0	72	59	0	0	0	2	0	1
fsh-generated/resources/StructureDefinition-Specialite.json	3799	2	0	6	0	0	0	0	0	4	0	0	0	0	0	0	0	0	0	0	35	57	0	0	0	2	0	0
fsh-generated/resources/StructureDefinition-SurspecialiteTransversale.json	2337	3	0	5	0	0	0	0	0	5	0	0	0	0	0	0	0	0	0	0	26	59	0	0	0	1	0	0
fsh-generated/resources/StructureDefinition-Telecommunication.json	5024	2	0	6	0	0	0	0	0	902	0	0	0	0	0	0	0	0	0	0	37	71	0	0	0	1	0	0
fsh-generated/resources/ValueSet-DESCNonQualifiant-vs.json	492	3	0	0	0	0	0	0	0	102	0	0	0	0	0	0	0	0	0	0	7	1329	0	0	0	1	0	0
fsh-generated/resources/ValueSet-capaciteSavoirFaire-vs.json	500	2	0	0	0	0	0	0	0	3	0	0	0	0	0	0	0	0	0	0	8	799	0	0	0	0	0	0
fsh-generated/resources/ValueSet-competence-vs.json	464	2	0	0	0	0	0	0	0	3	0	0	0	0	0	0	0	0	0	0	7	716	0	0	0	0	0	0
fsh-generated/resources/ValueSet-competenceExclusive-vs.json	500	2	0	0	0	0	0	0	1	2	0	0	0	0	0	0	0	0	0	0	7	774	0	0	0	1	0	0
fsh-generated/resources/ValueSet-competenceMetier-vs.json	478	3	0	0	0	0	0	0	0	4	0	0	0	0	0	0	0	0	0	0	7	2256	0	0	0	0	0	0
fsh-generated/resources/ValueSet-droitExerciceComplementaire-vs.json	523	3	0	0	0	0	0	0	0	3	0	0	0	0	0	0	0	0	0	0	6	758	0	0	0	0	0	0
fsh-generated/resources/ValueSet-fonctionQualifiee-vs.json	492	2	0	0	0	0	0	0	0	3	0	0	0	0	0	0	0	0	0	0	7	731	0	0	0	0	0	0
fsh-generated/resources/ValueSet-lieuNaissance-vs.json	451	2	0	0	0	0	0	0	0	2	0	0	0	0	0	0	0	0	0	0	7	745	0	0	0	1	0	0
fsh-generated/resources/ValueSet-orientationParticuliere-vs.json	516	2	0	0	0	0	0	0	1	3	0	0	0	0	0	0	0	0	0	0	7	756	0	0	0	0	0	0
fsh-generated/resources/ValueSet-paysNaissance-vs.json	460	2	0	0	0	0	0	0	0	3	0	0	0	0	1	0	0	0	0	0	10	393	0	0	0	0	0	0
fsh-generated/resources/ValueSet-paysNationalite-vs.json	584	3	0	0	0	0	0	0	0	2	0	0	0	0	0	0	0	0	0	0	10	455	0	0	0	0	0	0
fsh-generated/resources/ValueSet-profession-vs.json	691	2	0	0	0	0	0	0	0	3	0	0	0	0	0	0	0	0	0	0	11	908	0	0	0	1	0	0
fsh-generated/resources/ValueSet-professionCategorieSocioProfessionnelle-vs.json	588	2	0	0	0	0	0	0	1	2	0	0	0	0	0	0	0	0	0	0	11	775	0	0	0	0	0	0
fsh-generated/resources/ValueSet-qualificationPAC-vs.json	488	2	0	0	0	0	0	0	0	3	0	0	0	0	0	0	0	0	0	0	8	814	0	0	0	0	0	0
fsh-generated/resources/ValueSet-role-vs.json	558	2	0	0	0	0	0	0	0	3	0	0	0	0	0	0	0	0	0	0	9	800	0	0	0	0	0	0
fsh-generated/resources/ValueSet-sexe-vs.json	562	2	0	0	0	0	0	0	0	3	0	0	0	0	0	0	0	0	0	0	8	779	0	0	0	1	0	0
fsh-generated/resources/ValueSet-specialite-vs.json	472	2	0	0	0	0	0	0	0	3	0	0	0	0	0	0	0	0	0	0	7	789	0	0	0	0	0	0
fsh-generated/resources/ValueSet-surspecialiteTransversale-vs.json	525	2	0	0	0	0	0	0	1	3	0	0	0	0	0	0	0	0	0	0	7	393	0	0	0	0	0	0
fsh-generated/resources/ValueSet-typeProfession-vs.json	478	2	0	0	0	0	0	0	0	2	0	0	0	0	0	0	0	0	0	0	7	760	0	0	0	0	0	0
fsh-generated/resources/ValueSet-typeRole-vs.json	458	3	0	0	0	0	0	0	0	2	0	0	0	0	0	0	0	0	0	0	6	741	0	0	0	1	0	0
