Source File	Size	loadResources	load	generateSnapshots	load-configure	scan	loadDepInfo	loadInfo	checkR4R4B	generateNarratives	validate	loadLists	checkConformanceResources	checkConformanceResources2	checkConformanceResources3	generateLogicalMaps	validateExpressions	scanForUsageStats	checkURLsUnique	processProvenanceDetails	translate	generate1	generate2	generateLogicals	makeDependencies	generateExampleZip	generateValidationPack	scanProfilesForR5	scanExamplesForR5
/fsh-generated/resources/ImplementationGuide-ans.fr.mos.json	33481	-	0	0	0	0	0	0	20	62	0	0	0	0	0	0	0	1	0	0	27	137	212	0	0	0	9	0	1
fsh-generated/resources/StructureDefinition-Adresse.json	26297	5	0	19	1	0	0	0	0	1621	0	0	0	0	0	0	0	1	0	0	13	180	757	0	0	0	13	0	1
fsh-generated/resources/StructureDefinition-Attestation.json	2517	2	0	38	0	0	0	0	0	178	0	0	0	0	0	0	0	0	0	0	1	39	121	0	0	0	2	0	0
fsh-generated/resources/StructureDefinition-AutreDiplomeObtenu.json	2128	3	0	15	0	0	0	0	0	190	0	0	0	0	0	0	0	0	0	0	0	36	93	0	0	0	1	0	0
fsh-generated/resources/StructureDefinition-BoiteLettreMSS.json	6930	2	0	19	0	0	0	0	0	180	0	0	0	0	0	0	0	1	0	0	2	67	97	0	0	0	3	0	0
fsh-generated/resources/StructureDefinition-CapaciteDiplome.json	3654	3	0	15	0	0	0	0	0	167	0	0	0	0	0	0	0	0	0	0	1	41	72	0	0	0	1	0	0
fsh-generated/resources/StructureDefinition-CapaciteSavoirfaire.json	2706	2	0	33	0	0	0	0	0	5	0	0	0	0	0	0	0	0	0	0	1	37	63	0	0	0	2	0	0
fsh-generated/resources/StructureDefinition-CertificatEtudeSpeciale.json	2525	2	0	17	0	0	0	0	0	334	0	0	0	0	0	0	0	0	0	0	0	35	62	0	0	0	1	0	0
fsh-generated/resources/StructureDefinition-Competence.json	5614	2	0	20	0	0	0	0	0	8	0	0	0	0	0	0	0	0	0	0	2	42	71	0	0	0	2	0	0
fsh-generated/resources/StructureDefinition-CompetenceExclusive.json	2564	2	0	18	0	0	0	0	0	8	0	0	0	0	0	0	0	0	0	0	0	33	58	0	0	0	1	0	0
fsh-generated/resources/StructureDefinition-CompetenceMetier.json	4627	3	0	15	1	0	0	0	0	175	0	0	0	0	0	0	0	0	0	0	1	34	61	0	0	0	1	0	0
fsh-generated/resources/StructureDefinition-DESC1.json	4115	2	0	14	0	0	0	0	0	171	0	0	0	0	0	0	0	0	0	0	1	29	61	0	0	0	2	0	0
fsh-generated/resources/StructureDefinition-DESC2.json	2270	2	0	18	0	0	0	0	0	173	0	0	1	0	0	0	0	0	0	0	1	25	54	0	0	0	1	0	0
fsh-generated/resources/StructureDefinition-DESCNonQualifiant.json	2657	2	0	17	0	0	0	0	0	6	0	0	0	0	0	0	0	0	0	0	1	25	56	0	0	0	1	0	0
fsh-generated/resources/StructureDefinition-Diplome.json	4264	3	0	0	0	0	0	0	0	330	0	0	0	0	0	0	0	0	0	0	0	33	71	0	0	0	2	0	0
fsh-generated/resources/StructureDefinition-DiplomeDeuxiemeCycleNonQualifiant.json	2478	2	0	25	0	0	0	0	0	162	0	0	0	0	0	0	0	0	0	0	1	30	52	0	0	0	5	0	0
fsh-generated/resources/StructureDefinition-DiplomeDivers.json	2148	2	0	20	0	0	0	0	0	173	0	0	0	0	0	0	0	0	0	0	1	33	80	0	0	0	1	0	0
fsh-generated/resources/StructureDefinition-DiplomeEEE.json	3030	2	0	14	0	0	0	0	0	171	0	0	0	0	0	0	0	1	0	0	0	26	52	0	0	0	2	0	0
fsh-generated/resources/StructureDefinition-DiplomeEES.json	3169	2	0	19	0	0	0	0	0	163	0	0	0	0	0	0	0	0	0	0	1	32	51	0	0	0	1	0	0
fsh-generated/resources/StructureDefinition-DiplomeEtat.json	4248	2	0	4	0	0	0	0	0	165	0	0	0	0	0	0	0	0	0	0	1	32	56	0	0	0	1	0	0
fsh-generated/resources/StructureDefinition-DiplomeEtudeSpecialisee.json	5100	3	0	4	1	0	0	0	0	174	0	0	0	0	0	0	0	0	0	0	1	36	55	0	0	0	2	0	1
fsh-generated/resources/StructureDefinition-DiplomeUniversitaire.json	3397	1	0	4	0	0	0	0	0	164	0	0	0	0	0	0	0	0	0	0	1	27	53	0	0	0	1	0	0
fsh-generated/resources/StructureDefinition-DroitExerciceComplementaire.json	1956	3	0	4	0	0	0	0	0	5	0	0	0	0	0	0	0	0	0	0	0	23	54	0	0	0	1	0	0
fsh-generated/resources/StructureDefinition-ExerciceProfessionnel.json	18088	4	0	12	0	0	0	0	0	1549	0	0	0	0	0	0	0	0	0	0	3	117	141	0	0	0	7	0	0
fsh-generated/resources/StructureDefinition-FonctionQualifiee.json	3727	2	0	6	0	0	0	0	0	5	0	0	0	0	0	0	0	0	0	0	1	32	51	0	0	0	2	0	0
fsh-generated/resources/StructureDefinition-FormationSpecialiseeTransversale.json	3669	2	0	6	0	0	0	0	0	167	0	0	0	0	0	0	0	0	0	0	1	27	56	0	0	0	1	0	0
fsh-generated/resources/StructureDefinition-Horaire.json	6692	3	0	8	0	0	0	0	0	171	0	0	0	0	0	0	0	1	0	0	1	51	68	0	0	0	3	0	0
fsh-generated/resources/StructureDefinition-LangueParlee.json	1691	2	0	5	0	0	0	0	0	173	0	0	0	0	0	0	0	0	0	0	1	21	42	0	0	0	1	0	0
fsh-generated/resources/StructureDefinition-OrientationParticuliere.json	2362	2	0	6	0	0	0	0	0	5	0	0	0	0	0	0	0	0	0	0	1	25	50	0	0	0	1	0	0
fsh-generated/resources/StructureDefinition-PersonnePhysique.json	24351	4	0	56	0	0	0	0	0	651	0	0	0	0	0	0	0	0	0	0	3	140	122	0	1	0	6	0	0
fsh-generated/resources/StructureDefinition-Professionnel.json	11012	2	0	6	1	0	0	0	0	172	0	0	0	0	0	0	0	0	0	0	1	60	60	0	0	0	4	0	0
fsh-generated/resources/StructureDefinition-QualificationPAC.json	3274	2	0	4	0	0	0	0	0	8	0	0	0	0	0	0	0	0	0	0	1	28	50	0	0	0	1	0	0
fsh-generated/resources/StructureDefinition-SavoirFaire.json	3710	3	0	0	0	0	0	0	0	162	0	0	0	0	0	0	0	0	0	0	1	31	50	0	0	0	2	0	0
fsh-generated/resources/StructureDefinition-SituationExercice.json	13438	3	0	6	0	0	0	0	0	1268	0	0	0	0	0	0	0	1	0	0	2	85	125	0	0	0	4	0	0
fsh-generated/resources/StructureDefinition-SituationOperationnelle.json	8321	3	0	5	0	0	0	0	0	326	0	0	0	0	0	0	0	0	0	0	1	60	90	0	0	0	5	0	0
fsh-generated/resources/StructureDefinition-Specialite.json	5129	2	0	3	0	0	0	0	0	6	0	0	0	0	0	0	0	0	0	0	0	45	81	0	0	0	2	0	0
fsh-generated/resources/StructureDefinition-SurspecialiteTransversale.json	2782	2	0	4	0	0	0	0	0	4	0	0	0	0	0	0	0	0	0	0	1	31	68	0	0	0	1	0	0
fsh-generated/resources/StructureDefinition-Telecommunication.json	5195	2	0	4	0	0	0	0	0	489	0	0	0	0	0	0	0	0	0	0	1	53	68	0	0	0	2	0	1
fsh-generated/resources/ValueSet-DESCNonQualifiant-vs.json	507	2	0	0	0	0	0	0	0	101	0	0	0	0	0	0	0	0	0	0	4	15	904	0	0	0	0	0	0
fsh-generated/resources/ValueSet-capaciteSavoirFaire-vs.json	517	2	0	0	0	0	0	0	0	4	0	0	0	0	0	0	0	0	0	0	2	13	429	0	0	0	1	0	0
fsh-generated/resources/ValueSet-competence-vs.json	472	2	0	0	0	0	0	0	1	6	0	0	0	0	0	0	0	0	0	0	2	12	441	0	0	0	0	0	0
fsh-generated/resources/ValueSet-competenceExclusive-vs.json	517	2	0	0	0	0	0	0	0	3	0	0	0	0	0	0	0	0	0	0	3	12	403	0	0	0	0	0	0
fsh-generated/resources/ValueSet-competenceMetier-vs.json	487	2	0	0	0	0	0	0	0	3	0	0	0	0	0	0	0	0	0	0	4	13	427	0	0	0	1	0	0
fsh-generated/resources/ValueSet-droitExerciceComplementaire-vs.json	539	3	0	0	0	0	0	0	0	3	0	0	0	0	0	0	0	0	0	0	3	12	427	0	0	0	2	0	0
fsh-generated/resources/ValueSet-fonctionQualifiee-vs.json	507	1	0	0	0	0	0	0	1	3	0	0	0	0	0	0	0	0	0	0	3	9	403	0	0	0	0	0	0
fsh-generated/resources/ValueSet-lieuNaissance-vs.json	437	2	0	0	0	0	0	0	0	12	0	0	0	0	0	0	0	0	0	0	3	7	1601	0	0	0	0	0	0
fsh-generated/resources/ValueSet-orientationParticuliere-vs.json	537	2	0	0	0	0	0	0	0	3	0	0	0	0	0	0	0	0	0	0	3	8	432	0	0	0	0	0	0
fsh-generated/resources/ValueSet-paysNaissance-vs.json	455	2	0	0	0	0	0	0	0	12	0	0	0	0	0	0	0	0	0	0	2	8	586	0	0	0	1	0	0
fsh-generated/resources/ValueSet-paysNationalite-vs.json	584	2	0	0	0	0	0	0	1	5	0	0	0	0	0	0	0	0	0	0	1	8	579	0	0	0	0	0	0
fsh-generated/resources/ValueSet-profession-vs.json	700	2	0	0	0	0	0	0	0	12	0	0	0	0	0	0	0	0	0	0	2	9	107	0	0	0	0	0	0
fsh-generated/resources/ValueSet-professionCategorieSocioProfessionnelle-vs.json	633	2	0	0	0	0	1	0	0	6	0	0	0	0	0	0	0	0	0	0	1	9	55	0	0	0	1	0	0
fsh-generated/resources/ValueSet-qualificationPAC-vs.json	502	1	0	0	1	0	0	0	0	5	0	0	0	0	0	0	0	0	0	0	1	8	389	0	0	0	0	0	0
fsh-generated/resources/ValueSet-role-vs.json	565	2	0	0	0	0	0	0	1	16	0	0	0	0	0	0	0	0	0	0	1	8	193	0	0	0	1	0	0
fsh-generated/resources/ValueSet-sexe-vs.json	573	2	0	0	0	0	0	0	0	7	0	0	0	0	0	0	0	0	0	0	2	10	48	0	0	0	0	0	0
fsh-generated/resources/ValueSet-specialite-vs.json	488	2	0	0	0	0	0	0	0	11	0	0	0	0	0	0	0	0	0	0	1	8	498	0	0	0	0	0	0
fsh-generated/resources/ValueSet-surspecialiteTransversale-vs.json	549	2	0	0	0	0	0	0	0	7	0	0	0	0	0	0	0	0	0	0	1	7	403	0	0	0	1	0	0
fsh-generated/resources/ValueSet-typeProfession-vs.json	488	1	0	0	0	0	0	0	1	6	0	0	0	0	0	0	0	0	0	0	2	8	41	0	0	0	0	0	0
fsh-generated/resources/ValueSet-typeRole-vs.json	466	3	0	0	0	0	0	0	0	6	0	0	0	0	0	0	0	0	0	0	2	8	41	0	0	0	1	0	0
/fsh-generated/includes/fsh-link-references.md	3414	-	-	-	0	0	0	0	0	0	0	0	0	0	0	0	0	0	0	0	0	0	0	0	0	0	0	0	0
/fsh-generated/includes/menu.xml	2428	-	-	-	0	0	0	0	0	0	0	0	0	0	0	0	0	0	0	0	0	0	0	0	0	0	0	0	0
/input/data/features.yml	164	-	-	-	0	0	0	1	0	0	0	0	0	0	0	0	0	0	0	0	0	0	1	0	0	0	0	0	0
/input/pagecontent/dispo-authent.md	4	-	-	-	0	0	0	0	0	0	0	0	0	0	0	0	0	0	0	0	0	0	0	0	0	0	0	0	0
/input/pagecontent/professionnel.md	896	-	-	-	0	0	0	0	0	0	0	0	0	0	0	0	0	0	0	0	0	0	0	0	0	0	0	0	0
/input/pagecontent/composants_elementaires.md	4	-	-	-	0	0	0	0	0	0	0	0	0	0	0	0	0	0	0	0	0	0	0	0	0	0	0	0	0
/input/pagecontent/ppec.md	4	-	-	-	0	0	0	0	0	0	0	0	0	0	0	0	0	0	0	0	0	0	0	0	0	0	0	0	0
/input/pagecontent/structure.md	4	-	-	-	0	0	0	0	0	0	0	0	0	0	0	0	0	0	0	0	0	0	0	0	0	0	0	0	0
/input/pagecontent/securite.md	900	-	-	-	0	0	0	0	0	0	0	0	0	0	0	0	0	0	0	0	0	0	0	0	0	0	0	0	0
/input/pagecontent/types_donnees.md	933	-	-	-	0	0	0	0	0	0	0	0	0	0	0	0	0	0	0	0	0	0	3	0	0	0	0	0	0
/input/pagecontent/classes_communes.md	1385	-	-	-	0	0	0	0	0	0	0	0	0	0	0	0	0	0	0	0	0	0	2	0	0	0	0	0	0
/input/pagecontent/downloads.md	1012	-	-	-	0	0	0	0	0	0	0	0	0	0	0	0	0	0	0	0	0	0	0	0	0	0	0	0	0
/input/pagecontent/index.md	4644	-	-	-	0	0	0	0	0	0	0	0	0	0	0	0	0	0	0	0	0	0	0	0	0	0	0	0	0
/input/pagecontent/autres_ressources.md	155	-	-	-	0	0	0	0	0	0	0	0	0	0	0	0	0	0	0	0	0	0	0	0	0	0	0	0	0
/input/pagecontent/ressops.md	4	-	-	-	0	0	0	0	0	0	0	0	0	0	0	0	0	0	0	0	0	0	1	0	0	0	0	0	0
/template/config	0	-	-	-	0	0	0	0	0	0	0	0	0	0	0	0	0	0	0	0	0	0	0	0	0	0	0	0	0
/template/config/_config.yml	31	-	-	-	0	0	0	0	0	0	0	0	0	0	0	0	0	0	0	0	0	0	0	0	0	0	0	0	0
/input/images	0	-	-	-	0	0	0	0	0	0	0	0	0	0	0	0	0	0	0	0	0	0	0	0	0	0	0	0	0
/input/images/anImage.png	36288	-	-	-	0	0	0	0	0	0	0	0	0	0	0	0	0	0	0	0	0	0	0	0	0	0	0	0	0
/temp/pages/_includes/artifacts.xml	36587	-	-	-	-	-	-	-	-	-	-	-	-	-	-	-	-	-	-	-	-	-	1	0	0	0	0	0	0
